{"cameraMode":{"drawMode":0,"name":"Shaded","section":"Shading Mode"},"sceneLighting":true,"audioPlay":false,"sceneViewState":{"showFog":true,"showMaterialUpdate":false,"showSkybox":true,"showFlares":true,"showImageEffects":true,"showParticleSystems":true},"in2DMode":false,"pivot":{"x":-4.08203125,"y":1.608154296875,"z":-2.2786865234375},"rotation":{"x":0.08254211395978928,"y":0.5920401811599731,"z":-0.0611356683075428,"w":0.7993358373641968},"size":30.438949584960939,"orthographic":true}