{"cameraMode":{"drawMode":0,"name":"Shaded","section":"Shading Mode"},"sceneLighting":false,"audioPlay":false,"sceneViewState":{"showFog":true,"showMaterialUpdate":false,"showSkybox":true,"showFlares":true,"showImageEffects":true,"showParticleSystems":true},"in2DMode":false,"pivot":{"x":-357.5,"y":-10.599998474121094,"z":279.8999938964844},"rotation":{"x":0.059827543795108798,"y":-0.06732725352048874,"z":0.00404519634321332,"w":0.9959273934364319},"size":330.2061767578125,"orthographic":true}