{"cameraMode":{"drawMode":0,"name":"Shaded","section":"Shading Mode"},"sceneLighting":false,"audioPlay":false,"sceneViewState":{"showFog":true,"showMaterialUpdate":false,"showSkybox":true,"showFlares":true,"showImageEffects":true,"showParticleSystems":true},"in2DMode":false,"pivot":{"x":-322.2544250488281,"y":-70.5999984741211,"z":279.8999938964844},"rotation":{"x":-0.7706865072250366,"y":-0.2077805995941162,"z":-0.3100583851337433,"w":0.5164623856544495},"size":88.04341125488281,"orthographic":true}