{"cameraMode":{"drawMode":0,"name":"Shaded","section":"Shading Mode"},"sceneLighting":false,"audioPlay":false,"sceneViewState":{"showFog":true,"showMaterialUpdate":false,"showSkybox":true,"showFlares":true,"showImageEffects":true,"showParticleSystems":true},"in2DMode":false,"pivot":{"x":-0.3038102686405182,"y":0.25053977966308596,"z":-0.003067612648010254},"rotation":{"x":0.048879094421863559,"y":1.6835264204928536e-7,"z":-1.3426597433863209e-7,"w":0.9988046884536743},"size":2.154381513595581,"orthographic":true}